operation,n_points,n_nodes,n_edges,nanoseconds,bytes,allocations,actual_samples,seed,julia,threads,blas_threads,package_version
build,100,10,9,54231.5,62672,535,20,20261003,1.12.5,1,1,0.1.0
fixed_graph_gradient,100,10,9,46547.5,59824,605,20,20261003,1.12.5,1,1,0.1.0
optimize_3_epochs,100,10,9,250705.0,357528,3642,20,20261003,1.12.5,1,1,0.1.0
build,300,10,9,79190.5,153912,556,20,20261003,1.12.5,1,1,0.1.0
fixed_graph_gradient,300,10,9,54646.5,101920,627,20,20261003,1.12.5,1,1,0.1.0
optimize_3_epochs,300,10,9,402727.5,703296,3771,20,20261003,1.12.5,1,1,0.1.0
build,1000,10,9,679636.0,586920,740,20,20261003,1.12.5,1,1,0.1.0
fixed_graph_gradient,1000,10,9,75313.5,250880,627,20,20261003,1.12.5,1,1,0.1.0
optimize_3_epochs,1000,10,9,2.4823875e6,2258496,4329,20,20261003,1.12.5,1,1,0.1.0
